日期,工作日标记,人次,筛选范围,站点范围,日期类型,有效日期数
2017-05-01,0,4508754,2017-05-01 — 2017-08-31 · 全部 · 全网 · 进站人次,全部站点,全部,117
2017-05-02,1,6771110,2017-05-01 — 2017-08-31 · 全部 · 全网 · 进站人次,全部站点,全部,117
2017-05-03,1,6977232,2017-05-01 — 2017-08-31 · 全部 · 全网 · 进站人次,全部站点,全部,117
2017-05-05,1,7499496,2017-05-01 — 2017-08-31 · 全部 · 全网 · 进站人次,全部站点,全部,117
2017-05-06,0,5104167,2017-05-01 — 2017-08-31 · 全部 · 全网 · 进站人次,全部站点,全部,117
2017-05-07,0,4563568,2017-05-01 — 2017-08-31 · 全部 · 全网 · 进站人次,全部站点,全部,117
2017-05-10,1,7195947,2017-05-01 — 2017-08-31 · 全部 · 全网 · 进站人次,全部站点,全部,117
2017-05-11,1,7070950,2017-05-01 — 2017-08-31 · 全部 · 全网 · 进站人次,全部站点,全部,117
2017-05-12,1,7206005,2017-05-01 — 2017-08-31 · 全部 · 全网 · 进站人次,全部站点,全部,117
2017-05-13,0,5279967,2017-05-01 — 2017-08-31 · 全部 · 全网 · 进站人次,全部站点,全部,117
2017-05-14,0,4738129,2017-05-01 — 2017-08-31 · 全部 · 全网 · 进站人次,全部站点,全部,117
2017-05-15,1,7123249,2017-05-01 — 2017-08-31 · 全部 · 全网 · 进站人次,全部站点,全部,117
2017-05-16,1,7150592,2017-05-01 — 2017-08-31 · 全部 · 全网 · 进站人次,全部站点,全部,117
2017-05-17,1,7190676,2017-05-01 — 2017-08-31 · 全部 · 全网 · 进站人次,全部站点,全部,117
2017-05-18,1,7184823,2017-05-01 — 2017-08-31 · 全部 · 全网 · 进站人次,全部站点,全部,117
2017-05-19,1,7691783,2017-05-01 — 2017-08-31 · 全部 · 全网 · 进站人次,全部站点,全部,117
2017-05-20,0,5468895,2017-05-01 — 2017-08-31 · 全部 · 全网 · 进站人次,全部站点,全部,117
2017-05-21,0,4749176,2017-05-01 — 2017-08-31 · 全部 · 全网 · 进站人次,全部站点,全部,117
2017-05-22,1,7099685,2017-05-01 — 2017-08-31 · 全部 · 全网 · 进站人次,全部站点,全部,117
2017-05-23,1,6868204,2017-05-01 — 2017-08-31 · 全部 · 全网 · 进站人次,全部站点,全部,117
2017-05-24,1,7067335,2017-05-01 — 2017-08-31 · 全部 · 全网 · 进站人次,全部站点,全部,117
2017-05-25,1,7190177,2017-05-01 — 2017-08-31 · 全部 · 全网 · 进站人次,全部站点,全部,117
2017-05-26,1,7295876,2017-05-01 — 2017-08-31 · 全部 · 全网 · 进站人次,全部站点,全部,117
2017-05-27,1,7097392,2017-05-01 — 2017-08-31 · 全部 · 全网 · 进站人次,全部站点,全部,117
2017-05-28,0,4720399,2017-05-01 — 2017-08-31 · 全部 · 全网 · 进站人次,全部站点,全部,117
2017-05-29,0,4513323,2017-05-01 — 2017-08-31 · 全部 · 全网 · 进站人次,全部站点,全部,117
2017-05-30,0,4136577,2017-05-01 — 2017-08-31 · 全部 · 全网 · 进站人次,全部站点,全部,117
2017-05-31,1,6821687,2017-05-01 — 2017-08-31 · 全部 · 全网 · 进站人次,全部站点,全部,117
2017-06-01,1,6770863,2017-05-01 — 2017-08-31 · 全部 · 全网 · 进站人次,全部站点,全部,117
2017-06-02,1,7189754,2017-05-01 — 2017-08-31 · 全部 · 全网 · 进站人次,全部站点,全部,117
2017-06-03,0,4831659,2017-05-01 — 2017-08-31 · 全部 · 全网 · 进站人次,全部站点,全部,117
2017-06-04,0,4253382,2017-05-01 — 2017-08-31 · 全部 · 全网 · 进站人次,全部站点,全部,117
2017-06-05,1,6751298,2017-05-01 — 2017-08-31 · 全部 · 全网 · 进站人次,全部站点,全部,117
2017-06-06,1,6854527,2017-05-01 — 2017-08-31 · 全部 · 全网 · 进站人次,全部站点,全部,117
2017-06-07,1,7071617,2017-05-01 — 2017-08-31 · 全部 · 全网 · 进站人次,全部站点,全部,117
2017-06-08,1,6994997,2017-05-01 — 2017-08-31 · 全部 · 全网 · 进站人次,全部站点,全部,117
2017-06-09,1,7441327,2017-05-01 — 2017-08-31 · 全部 · 全网 · 进站人次,全部站点,全部,117
2017-06-10,0,3885367,2017-05-01 — 2017-08-31 · 全部 · 全网 · 进站人次,全部站点,全部,117
2017-06-11,0,4522858,2017-05-01 — 2017-08-31 · 全部 · 全网 · 进站人次,全部站点,全部,117
2017-06-12,1,6867708,2017-05-01 — 2017-08-31 · 全部 · 全网 · 进站人次,全部站点,全部,117
2017-06-13,1,6771512,2017-05-01 — 2017-08-31 · 全部 · 全网 · 进站人次,全部站点,全部,117
2017-06-14,1,7124486,2017-05-01 — 2017-08-31 · 全部 · 全网 · 进站人次,全部站点,全部,117
2017-06-15,1,7113452,2017-05-01 — 2017-08-31 · 全部 · 全网 · 进站人次,全部站点,全部,117
2017-06-17,0,5153976,2017-05-01 — 2017-08-31 · 全部 · 全网 · 进站人次,全部站点,全部,117
2017-06-18,0,4611218,2017-05-01 — 2017-08-31 · 全部 · 全网 · 进站人次,全部站点,全部,117
2017-06-19,1,6971115,2017-05-01 — 2017-08-31 · 全部 · 全网 · 进站人次,全部站点,全部,117
2017-06-20,1,7040846,2017-05-01 — 2017-08-31 · 全部 · 全网 · 进站人次,全部站点,全部,117
2017-06-21,1,7051696,2017-05-01 — 2017-08-31 · 全部 · 全网 · 进站人次,全部站点,全部,117
2017-06-22,1,7094334,2017-05-01 — 2017-08-31 · 全部 · 全网 · 进站人次,全部站点,全部,117
2017-06-23,1,7341033,2017-05-01 — 2017-08-31 · 全部 · 全网 · 进站人次,全部站点,全部,117
2017-06-24,0,4447311,2017-05-01 — 2017-08-31 · 全部 · 全网 · 进站人次,全部站点,全部,117
2017-06-25,0,4134313,2017-05-01 — 2017-08-31 · 全部 · 全网 · 进站人次,全部站点,全部,117
2017-06-26,1,7049133,2017-05-01 — 2017-08-31 · 全部 · 全网 · 进站人次,全部站点,全部,117
2017-06-29,1,7103003,2017-05-01 — 2017-08-31 · 全部 · 全网 · 进站人次,全部站点,全部,117
2017-06-30,1,7523842,2017-05-01 — 2017-08-31 · 全部 · 全网 · 进站人次,全部站点,全部,117
2017-07-01,0,4943220,2017-05-01 — 2017-08-31 · 全部 · 全网 · 进站人次,全部站点,全部,117
2017-07-02,0,4409680,2017-05-01 — 2017-08-31 · 全部 · 全网 · 进站人次,全部站点,全部,117
2017-07-03,1,7060883,2017-05-01 — 2017-08-31 · 全部 · 全网 · 进站人次,全部站点,全部,117
2017-07-04,1,7012530,2017-05-01 — 2017-08-31 · 全部 · 全网 · 进站人次,全部站点,全部,117
2017-07-05,1,7046376,2017-05-01 — 2017-08-31 · 全部 · 全网 · 进站人次,全部站点,全部,117
2017-07-06,1,7039581,2017-05-01 — 2017-08-31 · 全部 · 全网 · 进站人次,全部站点,全部,117
2017-07-07,1,7314461,2017-05-01 — 2017-08-31 · 全部 · 全网 · 进站人次,全部站点,全部,117
2017-07-08,0,4786461,2017-05-01 — 2017-08-31 · 全部 · 全网 · 进站人次,全部站点,全部,117
2017-07-09,0,4212572,2017-05-01 — 2017-08-31 · 全部 · 全网 · 进站人次,全部站点,全部,117
2017-07-10,1,7069494,2017-05-01 — 2017-08-31 · 全部 · 全网 · 进站人次,全部站点,全部,117
2017-07-11,1,7008724,2017-05-01 — 2017-08-31 · 全部 · 全网 · 进站人次,全部站点,全部,117
2017-07-12,1,6952626,2017-05-01 — 2017-08-31 · 全部 · 全网 · 进站人次,全部站点,全部,117
2017-07-13,1,6846503,2017-05-01 — 2017-08-31 · 全部 · 全网 · 进站人次,全部站点,全部,117
2017-07-14,1,7065231,2017-05-01 — 2017-08-31 · 全部 · 全网 · 进站人次,全部站点,全部,117
2017-07-15,0,4593970,2017-05-01 — 2017-08-31 · 全部 · 全网 · 进站人次,全部站点,全部,117
2017-07-16,0,4018404,2017-05-01 — 2017-08-31 · 全部 · 全网 · 进站人次,全部站点,全部,117
2017-07-17,1,6896749,2017-05-01 — 2017-08-31 · 全部 · 全网 · 进站人次,全部站点,全部,117
2017-07-18,1,6837790,2017-05-01 — 2017-08-31 · 全部 · 全网 · 进站人次,全部站点,全部,117
2017-07-19,1,6882947,2017-05-01 — 2017-08-31 · 全部 · 全网 · 进站人次,全部站点,全部,117
2017-07-20,1,6778158,2017-05-01 — 2017-08-31 · 全部 · 全网 · 进站人次,全部站点,全部,117
2017-07-21,1,6923068,2017-05-01 — 2017-08-31 · 全部 · 全网 · 进站人次,全部站点,全部,117
2017-07-22,0,4147525,2017-05-01 — 2017-08-31 · 全部 · 全网 · 进站人次,全部站点,全部,117
2017-07-23,0,3638016,2017-05-01 — 2017-08-31 · 全部 · 全网 · 进站人次,全部站点,全部,117
2017-07-24,1,6616078,2017-05-01 — 2017-08-31 · 全部 · 全网 · 进站人次,全部站点,全部,117
2017-07-25,1,6552527,2017-05-01 — 2017-08-31 · 全部 · 全网 · 进站人次,全部站点,全部,117
2017-07-26,1,6631744,2017-05-01 — 2017-08-31 · 全部 · 全网 · 进站人次,全部站点,全部,117
2017-07-27,1,6691225,2017-05-01 — 2017-08-31 · 全部 · 全网 · 进站人次,全部站点,全部,117
2017-07-28,1,7071846,2017-05-01 — 2017-08-31 · 全部 · 全网 · 进站人次,全部站点,全部,117
2017-07-29,0,4551848,2017-05-01 — 2017-08-31 · 全部 · 全网 · 进站人次,全部站点,全部,117
2017-07-30,0,3969443,2017-05-01 — 2017-08-31 · 全部 · 全网 · 进站人次,全部站点,全部,117
2017-07-31,1,6824549,2017-05-01 — 2017-08-31 · 全部 · 全网 · 进站人次,全部站点,全部,117
2017-08-01,1,6803581,2017-05-01 — 2017-08-31 · 全部 · 全网 · 进站人次,全部站点,全部,117
2017-08-02,1,6838649,2017-05-01 — 2017-08-31 · 全部 · 全网 · 进站人次,全部站点,全部,117
2017-08-03,1,6783478,2017-05-01 — 2017-08-31 · 全部 · 全网 · 进站人次,全部站点,全部,117
2017-08-04,1,6916200,2017-05-01 — 2017-08-31 · 全部 · 全网 · 进站人次,全部站点,全部,117
2017-08-05,0,4292173,2017-05-01 — 2017-08-31 · 全部 · 全网 · 进站人次,全部站点,全部,117
2017-08-06,0,4059727,2017-05-01 — 2017-08-31 · 全部 · 全网 · 进站人次,全部站点,全部,117
2017-08-07,1,6773114,2017-05-01 — 2017-08-31 · 全部 · 全网 · 进站人次,全部站点,全部,117
2017-08-08,1,6748395,2017-05-01 — 2017-08-31 · 全部 · 全网 · 进站人次,全部站点,全部,117
2017-08-09,1,6714122,2017-05-01 — 2017-08-31 · 全部 · 全网 · 进站人次,全部站点,全部,117
2017-08-10,1,6889847,2017-05-01 — 2017-08-31 · 全部 · 全网 · 进站人次,全部站点,全部,117
2017-08-11,1,7101922,2017-05-01 — 2017-08-31 · 全部 · 全网 · 进站人次,全部站点,全部,117
2017-08-12,0,4695972,2017-05-01 — 2017-08-31 · 全部 · 全网 · 进站人次,全部站点,全部,117
2017-08-13,0,4162328,2017-05-01 — 2017-08-31 · 全部 · 全网 · 进站人次,全部站点,全部,117
2017-08-14,1,6867107,2017-05-01 — 2017-08-31 · 全部 · 全网 · 进站人次,全部站点,全部,117
2017-08-15,1,6906344,2017-05-01 — 2017-08-31 · 全部 · 全网 · 进站人次,全部站点,全部,117
2017-08-16,1,6967053,2017-05-01 — 2017-08-31 · 全部 · 全网 · 进站人次,全部站点,全部,117
2017-08-17,1,6925050,2017-05-01 — 2017-08-31 · 全部 · 全网 · 进站人次,全部站点,全部,117
2017-08-18,1,7204497,2017-05-01 — 2017-08-31 · 全部 · 全网 · 进站人次,全部站点,全部,117
2017-08-19,0,4813076,2017-05-01 — 2017-08-31 · 全部 · 全网 · 进站人次,全部站点,全部,117
2017-08-20,0,4140824,2017-05-01 — 2017-08-31 · 全部 · 全网 · 进站人次,全部站点,全部,117
2017-08-21,1,6913955,2017-05-01 — 2017-08-31 · 全部 · 全网 · 进站人次,全部站点,全部,117
2017-08-22,1,7013910,2017-05-01 — 2017-08-31 · 全部 · 全网 · 进站人次,全部站点,全部,117
2017-08-23,1,6901810,2017-05-01 — 2017-08-31 · 全部 · 全网 · 进站人次,全部站点,全部,117
2017-08-24,1,6828865,2017-05-01 — 2017-08-31 · 全部 · 全网 · 进站人次,全部站点,全部,117
2017-08-25,1,7000698,2017-05-01 — 2017-08-31 · 全部 · 全网 · 进站人次,全部站点,全部,117
2017-08-26,0,4928178,2017-05-01 — 2017-08-31 · 全部 · 全网 · 进站人次,全部站点,全部,117
2017-08-27,0,4386773,2017-05-01 — 2017-08-31 · 全部 · 全网 · 进站人次,全部站点,全部,117
2017-08-28,1,7138487,2017-05-01 — 2017-08-31 · 全部 · 全网 · 进站人次,全部站点,全部,117
2017-08-29,1,6722829,2017-05-01 — 2017-08-31 · 全部 · 全网 · 进站人次,全部站点,全部,117
2017-08-30,1,6879513,2017-05-01 — 2017-08-31 · 全部 · 全网 · 进站人次,全部站点,全部,117
2017-08-31,1,6849303,2017-05-01 — 2017-08-31 · 全部 · 全网 · 进站人次,全部站点,全部,117
